# SOURMASH-MANIFEST-VERSION: 1.0
internal_location,md5,md5short,ksize,moltype,num,scaled,n_hashes,with_abundance,name,filename
signatures/fb0db90dad06907b966c22db48aa97f7.sig.gz,fb0db90dad06907b966c22db48aa97f7,fb0db90d,21,DNA,0,1000,5255,1,"GCA_000750575.1 Ralstonia solanacearum strain=NCPPB 282, ASM75057v1",/dev/fd/63
signatures/dd8391bc1efe89940bbf59b7502b3265.sig.gz,dd8391bc1efe89940bbf59b7502b3265,dd8391bc,21,DNA,0,1000,5764,1,"GCA_003999715.1 Ralstonia solanacearum strain=HA4-1, ASM399971v1",/dev/fd/63
signatures/01bc8ba973f8b347da5c7881190e7084.sig.gz,01bc8ba973f8b347da5c7881190e7084,01bc8ba9,21,DNA,0,1000,5709,1,"GCA_003515345.1 Ralstonia solanacearum strain=SL3755, ASM351534v1",/dev/fd/63
signatures/d120aaa40422dff6f14a3e0ab9afb650.sig.gz,d120aaa40422dff6f14a3e0ab9afb650,d120aaa4,21,DNA,0,1000,5611,1,"GCA_003515225.1 Ralstonia solanacearum strain=SL2330, ASM351522v1",/dev/fd/63
signatures/afeb0be5ab6b32064fdd6ef2b7fbd838.sig.gz,afeb0be5ab6b32064fdd6ef2b7fbd838,afeb0be5,21,DNA,0,1000,5466,1,"GCA_014210345.1 Ralstonia solanacearum strain=CCRMRsB7, ASM1421034v1",/dev/fd/63
signatures/d47e7bc9a1236554ce56b7dab109aa24.sig.gz,d47e7bc9a1236554ce56b7dab109aa24,d47e7bc9,21,DNA,0,1000,5473,1,"GCA_003515185.1 Ralstonia solanacearum strain=SL3175, ASM351518v1",/dev/fd/63
signatures/6303f1e66b0e004adfd5c963d10efe5c.sig.gz,6303f1e66b0e004adfd5c963d10efe5c,6303f1e6,21,DNA,0,1000,5418,1,"GCA_000825845.2 Ralstonia solanacearum strain=Grenada 9-1, Grenada91",/dev/fd/63
signatures/4d465e077495e949eabfc90f794be17d.sig.gz,4d465e077495e949eabfc90f794be17d,4d465e07,21,DNA,0,1000,5679,1,"GCA_000348545.1 Ralstonia solanacearum FQY_4 strain=FQY_4, ASM34854v1",/dev/fd/63
signatures/5e696e7d5e7eb4b651d42f41c5c71bcf.sig.gz,5e696e7d5e7eb4b651d42f41c5c71bcf,5e696e7d,21,DNA,0,1000,5834,1,"GCA_001887535.1 Ralstonia solanacearum FJAT-1458 strain=FJAT-1458, ASM188753v1",/dev/fd/63
signatures/12ce19b840119806bb41ed764f9c3bfd.sig.gz,12ce19b840119806bb41ed764f9c3bfd,12ce19b8,21,DNA,0,1000,5575,1,"GCA_001644865.1 Ralstonia solanacearum strain=P781, ASM164486v1",/dev/fd/63
signatures/c2a04f4e7468bcbec6449f41e3c87e27.sig.gz,c2a04f4e7468bcbec6449f41e3c87e27,c2a04f4e,21,DNA,0,1000,5841,1,"GCA_012062595.1 Ralstonia solanacearum strain=Pe_13, ASM1206259v1",/dev/fd/63
signatures/88329482f04af42176edbdf54ce6953c.sig.gz,88329482f04af42176edbdf54ce6953c,88329482,21,DNA,0,1000,5673,1,"GCA_003256445.1 Ralstonia pseudosolanacearum strain=Bg07, ASM325644v1",/dev/fd/63
signatures/24300244d85ba89c381a7e3b09e55677.sig.gz,24300244d85ba89c381a7e3b09e55677,24300244,21,DNA,0,1000,5547,1,"GCA_000283475.1 Ralstonia solanacearum PSI07 strain=PSI07, ASM28347v1",/dev/fd/63
signatures/300caf3b8076a59bbcce38a7126913d5.sig.gz,300caf3b8076a59bbcce38a7126913d5,300caf3b,21,DNA,0,1000,5174,1,"GCA_002251655.1 Ralstonia solanacearum strain=UW551, ASM225165v1",/dev/fd/63
signatures/ad55de33444da5c9dedb5f9cd007398a.sig.gz,ad55de33444da5c9dedb5f9cd007398a,ad55de33,21,DNA,0,1000,5703,1,"GCA_001870805.1 Ralstonia solanacearum strain=PSS1308, ASM187080v1",/dev/fd/63
signatures/ad4021483697ac5c025766a19e3ad8e0.sig.gz,ad4021483697ac5c025766a19e3ad8e0,ad402148,21,DNA,0,1000,5481,1,"GCA_001587135.1 Ralstonia solanacearum strain=UW163, ASM158713v1",/dev/fd/63
signatures/eeb5b0ced04a6fe2c6262a6aac8e1d58.sig.gz,eeb5b0ced04a6fe2c6262a6aac8e1d58,eeb5b0ce,21,DNA,0,1000,5412,1,"GCA_001644855.1 Ralstonia solanacearum strain=CFBP3059, ASM164485v1",/dev/fd/63
signatures/4d7c98309a7f0a489f9f65bec5b57ff9.sig.gz,4d7c98309a7f0a489f9f65bec5b57ff9,4d7c9830,21,DNA,0,1000,5469,1,"GCA_001586135.1 Ralstonia solanacearum strain=KACC 10722, ASM158613v1",/dev/fd/63
signatures/bb66bcec23bd75e991d64f7fa731ba45.sig.gz,bb66bcec23bd75e991d64f7fa731ba45,bb66bcec,21,DNA,0,1000,5441,1,"GCA_003515165.1 Ralstonia solanacearum strain=T11, ASM351516v1",/dev/fd/63
signatures/36b57ad0504393364e8421bb0dc9f7b5.sig.gz,36b57ad0504393364e8421bb0dc9f7b5,36b57ad0,21,DNA,0,1000,5188,1,"GCA_000710135.3 Ralstonia solanacearum strain=CFIA906, ASM71013v3",/dev/fd/63
signatures/ce94b890a78dfc64530ba2d69da15fdf.sig.gz,ce94b890a78dfc64530ba2d69da15fdf,ce94b890,21,DNA,0,1000,5660,1,"GCA_001644795.1 Ralstonia solanacearum strain=CIP120, ASM164479v1",/dev/fd/63
signatures/1d909307336bacdef827502d77f59f89.sig.gz,1d909307336bacdef827502d77f59f89,1d909307,21,DNA,0,1000,5678,1,"GCA_001879565.1 Ralstonia solanacearum OE1-1 strain=OE1-1, ASM187956v1",/dev/fd/63
signatures/55c6f13a94fb6098ea93a2c862a42845.sig.gz,55c6f13a94fb6098ea93a2c862a42845,55c6f13a,21,DNA,0,1000,5499,1,"GCA_001644815.1 Ralstonia solanacearum strain=CFBP6783, ASM164481v1",/dev/fd/63
signatures/5695a116b858bc979d6066d7a0e20de7.sig.gz,5695a116b858bc979d6066d7a0e20de7,5695a116,21,DNA,0,1000,5446,1,"GCA_006088755.1 Ralstonia solanacearum strain=UW386, ASM608875v1",/dev/fd/63
signatures/39496de2377be295389d5fcad1caafe5.sig.gz,39496de2377be295389d5fcad1caafe5,39496de2,21,DNA,0,1000,4717,1,"GCA_001373295.1 Ralstonia solanacearum strain=RS2, RS2",/dev/fd/63
signatures/ee78c04d681f28cd0d7da8830e99d6f5.sig.gz,ee78c04d681f28cd0d7da8830e99d6f5,ee78c04d,21,DNA,0,1000,5333,1,"GCA_000212635.2 Ralstonia solanacearum MolK2 strain=MolK2, ASM21263v2",/dev/fd/63
signatures/a1b4517c0f71d699b2bf9ac62e6aa30a.sig.gz,a1b4517c0f71d699b2bf9ac62e6aa30a,a1b4517c,31,DNA,0,1000,5242,1,"GCA_000750575.1 Ralstonia solanacearum strain=NCPPB 282, ASM75057v1",/dev/fd/63
signatures/a7e136fd6a80a710aabf0e80941ede1f.sig.gz,a7e136fd6a80a710aabf0e80941ede1f,a7e136fd,31,DNA,0,1000,5810,1,"GCA_003999715.1 Ralstonia solanacearum strain=HA4-1, ASM399971v1",/dev/fd/63
signatures/4cc8c5618e6cb015d1b62315d02c8e27.sig.gz,4cc8c5618e6cb015d1b62315d02c8e27,4cc8c561,31,DNA,0,1000,5675,1,"GCA_003515345.1 Ralstonia solanacearum strain=SL3755, ASM351534v1",/dev/fd/63
signatures/42f161001347f4d611f8d719c96ffcea.sig.gz,42f161001347f4d611f8d719c96ffcea,42f16100,31,DNA,0,1000,5576,1,"GCA_003515225.1 Ralstonia solanacearum strain=SL2330, ASM351522v1",/dev/fd/63
signatures/e39fd7ebddd2397fb8c794dc6b8a5a69.sig.gz,e39fd7ebddd2397fb8c794dc6b8a5a69,e39fd7eb,31,DNA,0,1000,5559,1,"GCA_014210345.1 Ralstonia solanacearum strain=CCRMRsB7, ASM1421034v1",/dev/fd/63
signatures/2db12679bbda945007cf2516ed729e64.sig.gz,2db12679bbda945007cf2516ed729e64,2db12679,31,DNA,0,1000,5504,1,"GCA_003515185.1 Ralstonia solanacearum strain=SL3175, ASM351518v1",/dev/fd/63
signatures/42df631ce1ba9ac6cf8c70fd872fce99.sig.gz,42df631ce1ba9ac6cf8c70fd872fce99,42df631c,31,DNA,0,1000,5421,1,"GCA_000825845.2 Ralstonia solanacearum strain=Grenada 9-1, Grenada91",/dev/fd/63
signatures/952b116a54137c7cd16c79a63652b067.sig.gz,952b116a54137c7cd16c79a63652b067,952b116a,31,DNA,0,1000,5559,1,"GCA_000348545.1 Ralstonia solanacearum FQY_4 strain=FQY_4, ASM34854v1",/dev/fd/63
signatures/4fdb789aaa3b96db8f161b25eb57b204.sig.gz,4fdb789aaa3b96db8f161b25eb57b204,4fdb789a,31,DNA,0,1000,5824,1,"GCA_001887535.1 Ralstonia solanacearum FJAT-1458 strain=FJAT-1458, ASM188753v1",/dev/fd/63
signatures/281b5cd4f4f1d16ad087d55f3681c421.sig.gz,281b5cd4f4f1d16ad087d55f3681c421,281b5cd4,31,DNA,0,1000,5491,1,"GCA_001644865.1 Ralstonia solanacearum strain=P781, ASM164486v1",/dev/fd/63
signatures/5ecee15e593b3a417b2a34d843e66afb.sig.gz,5ecee15e593b3a417b2a34d843e66afb,5ecee15e,31,DNA,0,1000,5781,1,"GCA_012062595.1 Ralstonia solanacearum strain=Pe_13, ASM1206259v1",/dev/fd/63
signatures/8da6331583fd867f7f72055d2e61d7dc.sig.gz,8da6331583fd867f7f72055d2e61d7dc,8da63315,31,DNA,0,1000,5735,1,"GCA_003256445.1 Ralstonia pseudosolanacearum strain=Bg07, ASM325644v1",/dev/fd/63
signatures/16cf1a7c57ab617b37b4207d6b9f6817.sig.gz,16cf1a7c57ab617b37b4207d6b9f6817,16cf1a7c,31,DNA,0,1000,5557,1,"GCA_000283475.1 Ralstonia solanacearum PSI07 strain=PSI07, ASM28347v1",/dev/fd/63
signatures/17c4bbc60a07474e73275b998b060b2e.sig.gz,17c4bbc60a07474e73275b998b060b2e,17c4bbc6,31,DNA,0,1000,5209,1,"GCA_002251655.1 Ralstonia solanacearum strain=UW551, ASM225165v1",/dev/fd/63
signatures/1430d4ea99d363d1adfc62b765321b8b.sig.gz,1430d4ea99d363d1adfc62b765321b8b,1430d4ea,31,DNA,0,1000,5638,1,"GCA_001870805.1 Ralstonia solanacearum strain=PSS1308, ASM187080v1",/dev/fd/63
signatures/e3418e68ba627f1a0aac9afed8a89903.sig.gz,e3418e68ba627f1a0aac9afed8a89903,e3418e68,31,DNA,0,1000,5495,1,"GCA_001587135.1 Ralstonia solanacearum strain=UW163, ASM158713v1",/dev/fd/63
signatures/65534eecf6ba02b08b2a2b0c5c76f976.sig.gz,65534eecf6ba02b08b2a2b0c5c76f976,65534eec,31,DNA,0,1000,5289,1,"GCA_001644855.1 Ralstonia solanacearum strain=CFBP3059, ASM164485v1",/dev/fd/63
signatures/b6e57a9d2c946f11d5736b7c967451c5.sig.gz,b6e57a9d2c946f11d5736b7c967451c5,b6e57a9d,31,DNA,0,1000,5488,1,"GCA_001586135.1 Ralstonia solanacearum strain=KACC 10722, ASM158613v1",/dev/fd/63
signatures/4761b3bf8905cd08d339891dd4635867.sig.gz,4761b3bf8905cd08d339891dd4635867,4761b3bf,31,DNA,0,1000,5459,1,"GCA_003515165.1 Ralstonia solanacearum strain=T11, ASM351516v1",/dev/fd/63
signatures/ab4c51d35cf128e5fcd188affe2ffd58.sig.gz,ab4c51d35cf128e5fcd188affe2ffd58,ab4c51d3,31,DNA,0,1000,5220,1,"GCA_000710135.3 Ralstonia solanacearum strain=CFIA906, ASM71013v3",/dev/fd/63
signatures/80d3506e4ae9413485ede5c6af8fb2b2.sig.gz,80d3506e4ae9413485ede5c6af8fb2b2,80d3506e,31,DNA,0,1000,5614,1,"GCA_001644795.1 Ralstonia solanacearum strain=CIP120, ASM164479v1",/dev/fd/63
signatures/c9e81d60ab0c7a02b12294aa931de52c.sig.gz,c9e81d60ab0c7a02b12294aa931de52c,c9e81d60,31,DNA,0,1000,5605,1,"GCA_001879565.1 Ralstonia solanacearum OE1-1 strain=OE1-1, ASM187956v1",/dev/fd/63
signatures/54476319dcc3d67e6efdf349e6ce8288.sig.gz,54476319dcc3d67e6efdf349e6ce8288,54476319,31,DNA,0,1000,5525,1,"GCA_001644815.1 Ralstonia solanacearum strain=CFBP6783, ASM164481v1",/dev/fd/63
signatures/84d177ea826d09effbaf58843781663e.sig.gz,84d177ea826d09effbaf58843781663e,84d177ea,31,DNA,0,1000,5337,1,"GCA_006088755.1 Ralstonia solanacearum strain=UW386, ASM608875v1",/dev/fd/63
signatures/1d7f9d70ba7ed672bc539ee559183296.sig.gz,1d7f9d70ba7ed672bc539ee559183296,1d7f9d70,31,DNA,0,1000,4745,1,"GCA_001373295.1 Ralstonia solanacearum strain=RS2, RS2",/dev/fd/63
signatures/28a2e2f2375757dd6b2820da6cee9f9d.sig.gz,28a2e2f2375757dd6b2820da6cee9f9d,28a2e2f2,31,DNA,0,1000,5456,1,"GCA_000212635.2 Ralstonia solanacearum MolK2 strain=MolK2, ASM21263v2",/dev/fd/63
signatures/ff2e1a5e1f09e5e3f5febcab826bb6ac.sig.gz,ff2e1a5e1f09e5e3f5febcab826bb6ac,ff2e1a5e,51,DNA,0,1000,5290,1,"GCA_000750575.1 Ralstonia solanacearum strain=NCPPB 282, ASM75057v1",/dev/fd/63
signatures/688d7bc4549fb50df9893f10779b5c03.sig.gz,688d7bc4549fb50df9893f10779b5c03,688d7bc4,51,DNA,0,1000,5818,1,"GCA_003999715.1 Ralstonia solanacearum strain=HA4-1, ASM399971v1",/dev/fd/63
signatures/927ae5a94d5b135005947b8a424b6b8b.sig.gz,927ae5a94d5b135005947b8a424b6b8b,927ae5a9,51,DNA,0,1000,5721,1,"GCA_003515345.1 Ralstonia solanacearum strain=SL3755, ASM351534v1",/dev/fd/63
signatures/5af430180386161a010d2e9a411dd8e3.sig.gz,5af430180386161a010d2e9a411dd8e3,5af43018,51,DNA,0,1000,5625,1,"GCA_003515225.1 Ralstonia solanacearum strain=SL2330, ASM351522v1",/dev/fd/63
signatures/d2352c5140a3fd13b6781a3726addd9d.sig.gz,d2352c5140a3fd13b6781a3726addd9d,d2352c51,51,DNA,0,1000,5495,1,"GCA_014210345.1 Ralstonia solanacearum strain=CCRMRsB7, ASM1421034v1",/dev/fd/63
signatures/57981be56ec4df741e6b8abd5174201d.sig.gz,57981be56ec4df741e6b8abd5174201d,57981be5,51,DNA,0,1000,5494,1,"GCA_003515185.1 Ralstonia solanacearum strain=SL3175, ASM351518v1",/dev/fd/63
signatures/d664469967b54d1c13e6550771f1a6c4.sig.gz,d664469967b54d1c13e6550771f1a6c4,d6644699,51,DNA,0,1000,5399,1,"GCA_000825845.2 Ralstonia solanacearum strain=Grenada 9-1, Grenada91",/dev/fd/63
signatures/45e216502f857cd6a4b73f32632e77b7.sig.gz,45e216502f857cd6a4b73f32632e77b7,45e21650,51,DNA,0,1000,5607,1,"GCA_000348545.1 Ralstonia solanacearum FQY_4 strain=FQY_4, ASM34854v1",/dev/fd/63
signatures/f62678915946afa9bbac45c8f30fbf89.sig.gz,f62678915946afa9bbac45c8f30fbf89,f6267891,51,DNA,0,1000,5893,1,"GCA_001887535.1 Ralstonia solanacearum FJAT-1458 strain=FJAT-1458, ASM188753v1",/dev/fd/63
signatures/680fc81c5aef2854a322aac4b5718d1c.sig.gz,680fc81c5aef2854a322aac4b5718d1c,680fc81c,51,DNA,0,1000,5514,1,"GCA_001644865.1 Ralstonia solanacearum strain=P781, ASM164486v1",/dev/fd/63
signatures/b0d5125a6f05e79ed33d14b8f3d9dbd4.sig.gz,b0d5125a6f05e79ed33d14b8f3d9dbd4,b0d5125a,51,DNA,0,1000,5765,1,"GCA_012062595.1 Ralstonia solanacearum strain=Pe_13, ASM1206259v1",/dev/fd/63
signatures/51ca4f94c092f8beedad8af5e77e8dc0.sig.gz,51ca4f94c092f8beedad8af5e77e8dc0,51ca4f94,51,DNA,0,1000,5724,1,"GCA_003256445.1 Ralstonia pseudosolanacearum strain=Bg07, ASM325644v1",/dev/fd/63
signatures/640297b65fa107693c94132de153106d.sig.gz,640297b65fa107693c94132de153106d,640297b6,51,DNA,0,1000,5528,1,"GCA_000283475.1 Ralstonia solanacearum PSI07 strain=PSI07, ASM28347v1",/dev/fd/63
signatures/4e679cfd6a5fd1b058042a4014a5bfdd.sig.gz,4e679cfd6a5fd1b058042a4014a5bfdd,4e679cfd,51,DNA,0,1000,5283,1,"GCA_002251655.1 Ralstonia solanacearum strain=UW551, ASM225165v1",/dev/fd/63
signatures/2d225900a8091b376aa29d12716415c6.sig.gz,2d225900a8091b376aa29d12716415c6,2d225900,51,DNA,0,1000,5646,1,"GCA_001870805.1 Ralstonia solanacearum strain=PSS1308, ASM187080v1",/dev/fd/63
signatures/374feb093daf7ccdabd683d7f6fa29fd.sig.gz,374feb093daf7ccdabd683d7f6fa29fd,374feb09,51,DNA,0,1000,5474,1,"GCA_001587135.1 Ralstonia solanacearum strain=UW163, ASM158713v1",/dev/fd/63
signatures/3e52c9bd218339ed760916a8f687d9f6.sig.gz,3e52c9bd218339ed760916a8f687d9f6,3e52c9bd,51,DNA,0,1000,5264,1,"GCA_001644855.1 Ralstonia solanacearum strain=CFBP3059, ASM164485v1",/dev/fd/63
signatures/4b2c3accd787c05788552f201258c2b7.sig.gz,4b2c3accd787c05788552f201258c2b7,4b2c3acc,51,DNA,0,1000,5350,1,"GCA_001586135.1 Ralstonia solanacearum strain=KACC 10722, ASM158613v1",/dev/fd/63
signatures/e5710b74b44eddd714725c5a8f82a3d7.sig.gz,e5710b74b44eddd714725c5a8f82a3d7,e5710b74,51,DNA,0,1000,5329,1,"GCA_003515165.1 Ralstonia solanacearum strain=T11, ASM351516v1",/dev/fd/63
signatures/bf54105a4c0e11e4604fa214ae2a7737.sig.gz,bf54105a4c0e11e4604fa214ae2a7737,bf54105a,51,DNA,0,1000,5294,1,"GCA_000710135.3 Ralstonia solanacearum strain=CFIA906, ASM71013v3",/dev/fd/63
signatures/759d9861b8f68c7e4ffc42a9770a3fab.sig.gz,759d9861b8f68c7e4ffc42a9770a3fab,759d9861,51,DNA,0,1000,5721,1,"GCA_001644795.1 Ralstonia solanacearum strain=CIP120, ASM164479v1",/dev/fd/63
signatures/ce785ebd6729acaaa773cb87a8d9da19.sig.gz,ce785ebd6729acaaa773cb87a8d9da19,ce785ebd,51,DNA,0,1000,5612,1,"GCA_001879565.1 Ralstonia solanacearum OE1-1 strain=OE1-1, ASM187956v1",/dev/fd/63
signatures/0434b5a643c792fca493953b478732ac.sig.gz,0434b5a643c792fca493953b478732ac,0434b5a6,51,DNA,0,1000,5557,1,"GCA_001644815.1 Ralstonia solanacearum strain=CFBP6783, ASM164481v1",/dev/fd/63
signatures/0abf4d8147c88cd1eab4bd50868141b7.sig.gz,0abf4d8147c88cd1eab4bd50868141b7,0abf4d81,51,DNA,0,1000,5470,1,"GCA_006088755.1 Ralstonia solanacearum strain=UW386, ASM608875v1",/dev/fd/63
signatures/d50b9098dfe898d62ac701aa69222661.sig.gz,d50b9098dfe898d62ac701aa69222661,d50b9098,51,DNA,0,1000,4853,1,"GCA_001373295.1 Ralstonia solanacearum strain=RS2, RS2",/dev/fd/63
signatures/d70d3fc2ccb939140bd762112a240c63.sig.gz,d70d3fc2ccb939140bd762112a240c63,d70d3fc2,51,DNA,0,1000,5535,1,"GCA_000212635.2 Ralstonia solanacearum MolK2 strain=MolK2, ASM21263v2",/dev/fd/63
signatures/2831a8a78513f6879ed512eefb0cd581.sig.gz,2831a8a78513f6879ed512eefb0cd581,2831a8a7,21,DNA,0,1000,5278,1,"GCA_023076135.1 Ralstonia solanacearum strain=CIP238_UW490, ASM2307613v1",GCA_023076135.1_ASM2307613v1_genomic.fna.gz
signatures/8d45f5e011a3d8a39bc249ca55113dbb.sig.gz,8d45f5e011a3d8a39bc249ca55113dbb,8d45f5e0,31,DNA,0,1000,5297,1,"GCA_023076135.1 Ralstonia solanacearum strain=CIP238_UW490, ASM2307613v1",GCA_023076135.1_ASM2307613v1_genomic.fna.gz
signatures/afbc71987979e03eeaf7569be6420f11.sig.gz,afbc71987979e03eeaf7569be6420f11,afbc7198,51,DNA,0,1000,5345,1,"GCA_023076135.1 Ralstonia solanacearum strain=CIP238_UW490, ASM2307613v1",GCA_023076135.1_ASM2307613v1_genomic.fna.gz
